Borrower ID,Loan ID,Name,Age,Gender,Employment Type,Annual Income,Loan Type,Loan Amount Requested,Loan Amount Sanctioned,Interest Rate (%),Loan Tenure (Months),Previous Loans Taken,Previous Loan Defaults,Existing Loan Amounts,Debt-to-Income Ratio,Monthly EMI,,Missed EMI Payments,Late Payment Charges
BORR1000,LOAN2000,User_0,37,Male,Self-Employed,1874075,Education,1096535,1092140.46,14.3,114,4,0,883454,0.21,13014.67,,3,2101
BORR1001,LOAN2001,User_1,22,Male,Self-Employed,1719874,Education,1970017,1690305.02,12.76,162,4,1,564516,0.32,17973.58,,3,1034
BORR1002,LOAN2002,User_2,59,Female,Business,760644,Business,807421,746673.02,7.83,132,2,2,574288,0.24,4872.04,,3,537
BORR1003,LOAN2003,User_3,53,Male,Salaried,1777702,Business,925522,835424.61,10.57,21,1,1,487548,0.4,7358.7,,0,2985
BORR1004,LOAN2004,User_4,52,Male,Self-Employed,373192,Personal,3400022,2760224.19,5.03,207,2,2,878794,0.27,11569.94,,0,1826
BORR1005,LOAN2005,User_5,32,Male,Self-Employed,1555732,Business,2981796,2485357.06,6.96,177,3,2,407720,0.18,14415.07,,2,123
BORR1006,LOAN2006,User_6,45,Male,Business,1515779,Education,2231889,1930161.93,14.35,99,4,0,515729,0.24,23081.52,,3,3394
BORR1007,LOAN2007,User_7,51,Female,Salaried,1173682,Personal,232425,213946.11,12.29,197,4,0,615697,0.27,2191.16,,2,1011
BORR1008,LOAN2008,User_8,51,Female,Salaried,1793562,Education,4034832,3879708.96,14.91,59,2,1,776752,0.4,48205.38,,2,354
BORR1009,LOAN2009,User_9,33,Male,Salaried,1415658,Personal,500394,470152.98,6.98,73,2,1,433457,0.27,2734.72,,4,3515
BORR1010,LOAN2010,User_10,21,Female,Business,1799314,Education,4056060,3447504.07,7.61,105,3,2,528056,0.26,21862.92,,4,509
BORR1011,LOAN2011,User_11,50,Male,Salaried,1046815,Business,1263656,1135968.39,13.17,133,4,1,950333,0.23,12467.25,,4,4495
BORR1012,LOAN2012,User_12,56,Female,Business,1461692,Home,2552536,2267521.42,12.32,126,1,0,445684,0.17,23279.89,,0,1186
BORR1013,LOAN2013,User_13,46,Male,Salaried,1400765,Education,4320423,3984669.46,11.27,135,3,1,686217,0.41,37422.69,,4,2341
BORR1014,LOAN2014,User_14,58,Female,Business,283043,Education,1816881,1575713.73,9.8,128,0,2,731262,0.31,12868.33,,2,77
BORR1015,LOAN2015,User_15,26,Male,Self-Employed,1811877,Education,3658590,2958646.87,14.69,52,4,1,347441,0.5,36218.77,,1,1388
BORR1016,LOAN2016,User_16,27,Male,Business,1841363,Home,2532172,2358978.02,9.27,151,4,2,993585,0.38,18223.11,,2,3870
BORR1017,LOAN2017,User_17,22,Female,Business,317815,Business,1316902,1206089.39,11.9,147,4,0,80510,0.12,11960.39,,0,4518
BORR1018,LOAN2018,User_18,29,Male,Self-Employed,1493236,Education,190436,171839.68,12.61,122,1,1,781109,0.57,1805.75,,0,2367
BORR1019,LOAN2019,User_19,47,Female,Business,938430,Personal,837105,679021,14.99,40,2,1,851032,0.22,8482.1,,2,3997
BORR1020,LOAN2020,User_20,55,Male,Self-Employed,1246209,Personal,1350070,1258031.16,13.28,161,3,2,700310,0.46,13922.21,,4,3190
BORR1021,LOAN2021,User_21,26,Female,Salaried,1467648,Personal,4950100,4480709.64,9.8,67,4,0,38800,0.15,36592.46,,0,4362
BORR1022,LOAN2022,User_22,56,Female,Salaried,911630,Business,636409,569924.62,12.39,81,3,1,905670,0.53,5884.47,,0,2417
BORR1023,LOAN2023,User_23,52,Female,Salaried,1194633,Education,1715448,1618215.13,5.95,135,2,0,51112,0.44,8023.65,,4,4526
BORR1024,LOAN2024,User_24,52,Female,Salaried,900465,Business,3731588,3510492,11.5,84,0,2,484412,0.59,33642.21,,2,3678
BORR1025,LOAN2025,User_25,42,Female,Salaried,1914669,Personal,3309492,3000096.85,9.82,228,1,0,332541,0.33,24550.79,,2,1886
BORR1026,LOAN2026,User_26,48,Female,Self-Employed,1822894,Business,2596174,2298836.58,13.95,222,2,1,385521,0.22,26723.98,,4,4419
BORR1027,LOAN2027,User_27,35,Female,Self-Employed,790019,Personal,2165553,2092764.73,11.24,191,3,2,561015,0.47,19602.23,,1,4459
BORR1028,LOAN2028,User_28,48,Female,Self-Employed,773264,Business,1560474,1487416.9,7.08,52,4,2,662154,0.37,8775.76,,2,3109
BORR1029,LOAN2029,User_29,57,Female,Business,1012128,Home,4847509,3907952.71,14.93,37,3,1,471015,0.32,48621.44,,3,4992
BORR1030,LOAN2030,User_30,40,Male,Business,1963892,Education,851321,817195.65,8.29,87,3,2,907886,0.3,5645.46,,4,4154
BORR1031,LOAN2031,User_31,27,Male,Salaried,1700675,Home,3911793,3773985.73,13.57,135,0,0,24844,0.49,42677.49,,4,2551
BORR1032,LOAN2032,User_32,29,Female,Business,1611753,Education,440442,371344,8.69,118,1,2,319266,0.44,2689.15,,0,3742
BORR1033,LOAN2033,User_33,37,Male,Salaried,597118,Personal,1878592,1844444.71,14.06,223,1,1,327253,0.18,21610.74,,1,3684
BORR1034,LOAN2034,User_34,28,Male,Salaried,1217787,Business,4845422,4819721.89,5.68,169,1,1,130098,0.31,22813.35,,1,3984
BORR1035,LOAN2035,User_35,26,Female,Self-Employed,1146071,Business,2683440,2442690.04,7.57,228,1,0,31403,0.21,15409.3,,3,2308
BORR1036,LOAN2036,User_36,29,Female,Salaried,1917904,Business,3305789,2779498.41,14.07,124,0,1,159439,0.52,32589.62,,1,1697
BORR1037,LOAN2037,User_37,58,Male,Business,833654,Education,4212229,3760383.34,11.92,13,3,0,540003,0.17,37353.14,,2,390
BORR1038,LOAN2038,User_38,31,Male,Self-Employed,533490,Home,4170968,3536667.75,13.06,89,4,1,162482,0.1,38490.73,,1,2713
BORR1039,LOAN2039,User_39,26,Male,Self-Employed,1571570,Home,2198326,1760322.66,5.3,93,0,0,159960,0.46,7774.76,,2,2652
BORR1040,LOAN2040,User_40,49,Female,Salaried,1605578,Business,2660402,2582859.21,11.68,205,0,0,397760,0.51,25139.83,,0,3971
BORR1041,LOAN2041,User_41,41,Female,Business,1752063,Business,1244426,997190.28,7.78,118,2,1,504349,0.51,6465.12,,4,4213
BORR1042,LOAN2042,User_42,51,Female,Salaried,1640337,Personal,4573868,4381681.15,5.13,167,2,0,519196,0.5,18731.69,,0,858
BORR1043,LOAN2043,User_43,29,Female,Business,1658275,Personal,3117961,2657944.33,6.51,24,4,1,706683,0.11,14419.35,,3,1752
BORR1044,LOAN2044,User_44,52,Male,Business,652444,Personal,4022497,3469034.51,14.09,173,2,0,958967,0.59,40732.25,,3,3019
BORR1045,LOAN2045,User_45,50,Female,Self-Employed,425078,Personal,1039237,1029980.88,8.02,66,1,1,850917,0.39,6883.71,,0,2426
BORR1046,LOAN2046,User_46,55,Male,Salaried,902102,Business,4538320,4497420.12,7.15,167,4,1,924465,0.3,26797.13,,2,3652
BORR1047,LOAN2047,User_47,22,Female,Salaried,1189578,Home,4571174,4330623.51,10.3,177,2,2,683843,0.27,37171.19,,1,1548
BORR1048,LOAN2048,User_48,58,Male,Business,1933343,Business,1693840,1530447.03,11.39,71,4,1,545217,0.23,14526.49,,3,1320
BORR1049,LOAN2049,User_49,27,Female,Business,1275039,Personal,2860752,2603041.75,5.98,75,4,1,467635,0.59,12971.82,,4,2912
BORR1050,LOAN2050,User_50,41,Male,Salaried,886071,Business,1722455,1502785.774,12.19619913,84,1,0,284126,0.225263308,4793.111045,,1,872
BORR1051,LOAN2051,User_51,47,Male,Self-Employed,1218589,Education,4088770,4038394.207,8.954862718,191,3,1,747646,0.467195911,33384.97128,,3,2061
BORR1052,LOAN2052,User_52,21,Male,Business,1123688,Personal,1574307,1460188.6,8.09458412,75,1,1,261347,0.282814667,45890.56822,,2,2144
BORR1053,LOAN2053,User_53,32,Male,Self-Employed,385436,Home,3023316,2983653.419,12.72012149,81,0,1,665837,0.45181487,5546.78743,,3,4729
BORR1054,LOAN2054,User_54,46,Male,Self-Employed,1682217,Business,1785010,1363222.8,12.30581175,173,0,0,537011,0.157547921,8039.210626,,0,4330
BORR1055,LOAN2055,User_55,32,Female,Self-Employed,1191710,Personal,674890,672495.2597,10.60777726,135,1,0,48440,0.549040471,25601.14717,,0,3120
BORR1056,LOAN2056,User_56,45,Female,Business,1576558,Personal,3761907,3023409.28,10.84116056,205,0,1,271726,0.119741417,3984.798758,,3,4665
BORR1057,LOAN2057,User_57,50,Male,Salaried,1576116,Personal,4464641,3252937.873,8.577266249,40,3,0,750752,0.133337746,37246.12904,,2,398
BORR1058,LOAN2058,User_58,25,Female,Salaried,1597442,Business,1443784,1417676.073,5.409529636,67,0,1,839183,0.229851884,3367.035089,,1,422
BORR1059,LOAN2059,User_59,33,Female,Salaried,284037,Business,1983354,1732125.748,5.675847089,122,2,0,915676,0.230788068,7137.813462,,0,4138
BORR1060,LOAN2060,User_60,24,Male,Salaried,504789,Personal,4346865,3355818.934,5.543993152,71,0,0,753924,0.164956125,31551.40204,,2,3711
BORR1061,LOAN2061,User_61,33,Female,Salaried,1317780,Personal,4494638,3287914.127,5.341945668,205,0,0,766354,0.454018621,45048.91654,,0,1076
BORR1062,LOAN2062,User_62,41,Female,Business,1057475,Personal,3206966,2540472.699,13.04144403,128,2,1,487637,0.261780564,18362.05828,,2,1319
BORR1063,LOAN2063,User_63,22,Male,Business,440082,Business,1691838,1542642.97,8.760273755,89,2,1,930401,0.261025793,16954.54653,,1,4525
BORR1064,LOAN2064,User_64,36,Female,Self-Employed,303838,Personal,3086503,2457733.532,7.875818096,191,0,0,208659,0.341736974,46804.52123,,1,3592
BORR1065,LOAN2065,User_65,43,Male,Salaried,1949995,Personal,4418609,3416163.01,10.83226498,126,1,0,670661,0.104577732,9970.758732,,2,959
BORR1066,LOAN2066,User_66,48,Male,Business,773148,Personal,788400,593707.117,6.373080269,67,0,1,912728,0.44383181,4095.163327,,2,1438
BORR1067,LOAN2067,User_67,42,Male,Self-Employed,923940,Education,1598497,1480124.586,13.92492859,207,3,0,92997,0.211961194,40599.79606,,1,1302
BORR1068,LOAN2068,User_68,31,Female,Self-Employed,1682858,Home,857324,806793.957,7.439432559,52,2,0,593369,0.165321308,30604.77528,,1,612
BORR1069,LOAN2069,User_69,30,Female,Salaried,787717,Education,2310537,2055909.716,12.59551275,21,2,1,357957,0.252023471,42096.89635,,2,1331
BORR1070,LOAN2070,User_70,48,Male,Business,1023591,Education,4203225,3676731.722,7.387722262,118,2,0,819009,0.506796674,22245.04492,,1,1995
BORR1071,LOAN2071,User_71,23,Male,Salaried,1695137,Education,4198351,3208233.51,9.714617133,52,2,1,301796,0.378756399,45577.54705,,3,632
BORR1072,LOAN2072,User_72,37,Female,Business,284288,Home,4821784,4346242.243,11.90470212,87,0,0,537124,0.166726415,16978.63281,,1,859
BORR1073,LOAN2073,User_73,49,Male,Self-Employed,296121,Personal,3357167,3105646.991,6.736102775,207,0,0,936873,0.18384595,47210.15195,,2,4032
BORR1074,LOAN2074,User_74,38,Male,Salaried,962987,Education,585975,522076.1858,11.07519192,84,2,1,570465,0.261584617,19947.55976,,2,3157
BORR1075,LOAN2075,User_75,29,Male,Self-Employed,394750,Education,791280,645864.4969,5.184743904,135,1,1,486114,0.548230817,5945.299217,,3,852
BORR1076,LOAN2076,User_76,48,Male,Self-Employed,535082,Personal,3843417,2816040.414,9.587851599,177,0,1,954028,0.522396773,11037.85513,,3,4201
BORR1077,LOAN2077,User_77,29,Female,Self-Employed,1374810,Business,2341261,1965659.705,12.58844556,167,3,1,643344,0.542810009,11900.14185,,2,2015
BORR1078,LOAN2078,User_78,33,Male,Salaried,868678,Business,2767548,2054811.174,9.399775181,59,2,0,80005,0.502599645,5780.226706,,1,2981
BORR1079,LOAN2079,User_79,32,Female,Business,1310643,Education,3161109,3102492.733,11.24444923,207,0,0,681616,0.323030893,1998.6908,,0,2836
BORR1080,LOAN2080,User_80,38,Female,Business,1733184,Home,872951,702740.6348,11.14132133,84,2,1,714907,0.297543603,25083.06008,,3,3462
BORR1081,LOAN2081,User_81,43,Male,Self-Employed,1219672,Business,1484105,1292028.874,7.000370946,24,0,0,132987,0.434356958,9460.985387,,0,4643
BORR1082,LOAN2082,User_82,52,Male,Salaried,1050847,Business,1745339,1429247.33,12.74326008,135,1,0,991376,0.473202396,45526.24416,,3,3195
BORR1083,LOAN2083,User_83,48,Female,Business,1930750,Home,1125774,1091097.378,6.144321494,173,1,1,734369,0.412774663,11907.69082,,2,3414
BORR1084,LOAN2084,User_84,52,Female,Salaried,576735,Personal,994276,868670.2994,13.15666865,40,2,1,422668,0.308567656,12124.18671,,2,345
BORR1085,LOAN2085,User_85,26,Female,Salaried,1479910,Home,535609,503724.9667,9.47265804,205,2,1,762314,0.583966475,3086.498652,,3,4016
BORR1086,LOAN2086,User_86,24,Male,Self-Employed,735317,Education,4186260,3229806.159,7.309311808,66,2,0,502018,0.231634969,46572.14766,,1,4423
BORR1087,LOAN2087,User_87,35,Male,Business,1209702,Education,1958896,1767488.511,9.708579865,75,2,1,729715,0.338364755,30426.25591,,0,2805
BORR1088,LOAN2088,User_88,52,Female,Salaried,1824673,Personal,4659483,4033443.41,9.971713903,75,0,1,395587,0.107787124,19102.85045,,2,1944
BORR1089,LOAN2089,User_89,53,Female,Salaried,1746156,Education,3348482,2887102.198,8.815991065,118,2,0,71937,0.34467571,48472.19674,,3,4087
BORR1090,LOAN2090,User_90,34,Male,Self-Employed,952595,Home,1531550,1287132.399,5.22002819,87,1,0,859329,0.465294618,5149.890327,,2,4572
BORR1091,LOAN2091,User_91,54,Male,Business,1045035,Home,2744362,2654413.112,8.98942157,67,0,1,529169,0.557430269,18045.73531,,0,2005
BORR1092,LOAN2092,User_92,30,Female,Business,1838966,Education,3048996,2138864.644,11.72780172,162,0,1,733451,0.505027134,18489.24998,,2,4112
BORR1093,LOAN2093,User_93,47,Male,Business,1806777,Education,3745009,2910277.636,13.39496934,135,3,0,174097,0.299071876,20878.95136,,2,3093
BORR1094,LOAN2094,User_94,31,Male,Business,535427,Home,3557841,3385707.494,7.647543842,151,2,1,848504,0.529160998,45406.58727,,2,4269
BORR1095,LOAN2095,User_95,26,Female,Self-Employed,1110490,Home,2982501,2823915.82,7.460146601,197,3,1,987167,0.141003326,34938.53454,,3,3199
BORR1096,LOAN2096,User_96,42,Female,Self-Employed,873491,Home,2821372,2397265.85,10.29681129,81,1,1,47449,0.394936086,14620.25087,,0,2155
BORR1097,LOAN2097,User_97,42,Male,Self-Employed,1060975,Personal,1279729,1037891,11.29517028,173,3,0,981400,0.165361049,42941.11305,,2,4462
BORR1098,LOAN2098,User_98,34,Female,Business,1936527,Business,1701056,1500135.159,12.57907688,71,0,1,799849,0.288615834,18421.14012,,1,634
BORR1099,LOAN2099,User_99,44,Male,Salaried,372961,Home,1231388,1196288.175,13.05580413,222,2,0,378151,0.469808491,7767.173602,,2,1624
BORR1100,LOAN2100,User_100,22,Male,Self-Employed,1456129,Personal,3921848,3193341.414,9.870127273,71,3,0,699404,0.408735128,10668.8576,,2,964
BORR1101,LOAN2101,User_101,21,Male,Salaried,1086230,Personal,1514857,1133355.986,10.00348088,89,1,0,677956,0.418807413,27472.83993,,3,2874
BORR1102,LOAN2102,User_102,45,Male,Self-Employed,798558,Education,2527455,2305814.245,11.01535473,37,0,1,377106,0.241769083,38294.53801,,1,1207
BORR1103,LOAN2103,User_103,55,Male,Salaried,1745232,Personal,2784473,2307148.692,8.710948813,197,0,0,116193,0.403252768,22971.37518,,1,3009
BORR1104,LOAN2104,User_104,44,Female,Self-Employed,1655304,Business,1490604,1125352.865,6.319886105,132,0,0,791768,0.560349878,9995.380155,,3,482
BORR1105,LOAN2105,User_105,35,Male,Business,991011,Business,2625101,2102859.134,8.641845692,59,3,0,374969,0.457172688,47562.2626,,2,184
BORR1106,LOAN2106,User_106,37,Female,Business,870694,Education,3779480,3263986.951,6.626345603,132,0,0,285261,0.262486512,17461.28514,,2,413
BORR1107,LOAN2107,User_107,23,Male,Salaried,480827,Personal,2184461,1559018.594,5.646589517,71,3,1,354011,0.446586493,20020.90891,,3,3561
BORR1108,LOAN2108,User_108,25,Male,Business,1431744,Education,535315,512734.5066,14.74840935,71,2,1,677869,0.405793954,17062.64829,,2,2286
BORR1109,LOAN2109,User_109,47,Male,Self-Employed,1171742,Personal,2298715,2154257.716,5.350787513,162,3,0,900100,0.442590101,40981.76846,,0,3871
BORR1110,LOAN2110,User_110,42,Female,Salaried,1419415,Education,3265819,2477707.593,13.63151596,37,0,1,671848,0.469942977,10944.11229,,3,4903
BORR1111,LOAN2111,User_111,50,Female,Salaried,981900,Business,1521868,1314957.922,10.26338179,93,3,0,170539,0.263067916,10731.28701,,0,3291
BORR1112,LOAN2112,User_112,37,Female,Self-Employed,1082166,Personal,2923922,2646796.216,8.680940415,126,3,0,118774,0.15737338,42096.55665,,0,4007
BORR1113,LOAN2113,User_113,43,Male,Salaried,1185685,Business,2367986,1692520.261,6.191749926,71,2,1,986361,0.21670328,13885.62655,,3,2586
BORR1114,LOAN2114,User_114,51,Male,Self-Employed,729722,Education,2874031,2586015.464,7.108145006,24,0,0,508241,0.421150825,24501.22,,2,4046
BORR1115,LOAN2115,User_115,52,Female,Salaried,1649756,Home,1946656,1901405.316,7.148004601,93,1,0,373441,0.568798516,41895.59178,,0,484
BORR1116,LOAN2116,User_116,31,Male,Business,1666324,Home,1059805,819777.1138,8.70182976,207,0,0,229950,0.266587282,18312.23628,,0,4639
BORR1117,LOAN2117,User_117,26,Male,Self-Employed,1719553,Education,340533,297178.9282,10.50383155,147,0,1,488060,0.270025028,33120.12162,,2,4263
BORR1118,LOAN2118,User_118,43,Female,Self-Employed,887555,Personal,3657272,2584672.673,5.488816866,24,0,0,637191,0.351966715,23786.70925,,2,1986
BORR1119,LOAN2119,User_119,36,Male,Business,972099,Personal,4127860,3672149.692,5.537315091,21,3,1,565211,0.290075841,37832.31308,,2,3133
BORR1120,LOAN2120,User_120,47,Male,Self-Employed,339108,Home,891824,802882.1363,14.24614499,37,2,0,223138,0.452591569,29940.40384,,3,4716
BORR1121,LOAN2121,User_121,43,Female,Business,1519932,Home,2202344,1657037.998,11.63187008,67,2,0,280495,0.337660416,17808.64683,,2,1605
BORR1122,LOAN2122,User_122,46,Male,Salaried,1589749,Home,2998274,2807173.779,9.254984567,21,3,0,874965,0.104075108,34843.36471,,3,357
BORR1123,LOAN2123,User_123,51,Male,Business,1499115,Personal,4500973,3700225.605,9.425611706,13,1,0,841416,0.132990592,11346.89118,,2,1614
BORR1124,LOAN2124,User_124,37,Female,Self-Employed,1622046,Home,4158652,3956238.566,12.95981404,128,3,1,251802,0.411486064,14913.09662,,2,1484
BORR1125,LOAN2125,User_125,25,Female,Business,1657387,Home,3321846,2419146.44,7.173931668,135,0,0,175881,0.18603486,30829.65163,,3,2206
BORR1126,LOAN2126,User_126,46,Female,Self-Employed,1513123,Business,2035638,1540210.376,13.32082715,162,1,1,623490,0.167761875,17456.82472,,2,4823
BORR1127,LOAN2127,User_127,45,Male,Salaried,1239553,Home,2348219,2181472.421,5.041667965,128,1,0,843335,0.484638972,4569.162843,,1,3960
BORR1128,LOAN2128,User_128,58,Female,Business,1737332,Personal,1588136,1549454.489,6.918277278,205,2,0,676747,0.402534882,10603.45442,,0,2557
BORR1129,LOAN2129,User_129,47,Male,Salaried,567417,Education,4496986,3311161.925,8.112004268,147,0,1,928304,0.232414468,19005.56482,,3,863
BORR1130,LOAN2130,User_130,28,Female,Self-Employed,884379,Personal,3277137,3233389.036,6.796461714,167,0,0,38316,0.586498359,13208.17536,,3,3711
BORR1131,LOAN2131,User_131,34,Male,Salaried,577936,Personal,4442387,3958100.785,6.450333431,205,0,1,462654,0.499677076,5108.633287,,1,3291
BORR1132,LOAN2132,User_132,56,Male,Salaried,537308,Business,665547,483137.072,6.557281349,87,2,0,829307,0.166201609,14307.25297,,2,1967
BORR1133,LOAN2133,User_133,58,Male,Self-Employed,1640831,Education,2193533,1619916.425,9.212863675,84,1,1,822876,0.49406511,19434.92463,,2,4297
BORR1134,LOAN2134,User_134,22,Male,Self-Employed,1133624,Home,4713862,4019066.655,12.17751629,133,0,1,897877,0.559572983,33065.2865,,0,2692
BORR1135,LOAN2135,User_135,50,Female,Self-Employed,1944267,Personal,1207239,1031960.391,10.97227126,126,0,0,699691,0.401271579,3312.575931,,1,4474
BORR1136,LOAN2136,User_136,50,Female,Self-Employed,1255257,Personal,1019025,880808.2403,11.50566696,124,3,1,804260,0.445412197,43032.39443,,2,4825
BORR1137,LOAN2137,User_137,33,Male,Business,288391,Business,1135670,948308.1411,10.01283491,81,0,1,716406,0.538056767,3005.236152,,0,1833
BORR1138,LOAN2138,User_138,31,Male,Business,1339674,Personal,789918,709592.3196,7.616676894,177,0,0,783117,0.208366559,25069.89426,,0,3893
BORR1139,LOAN2139,User_139,28,Female,Salaried,1116878,Education,850371,801638.6934,7.938844919,59,1,1,617006,0.578731975,47505.9731,,1,3155
BORR1140,LOAN2140,User_140,37,Male,Salaried,872193,Personal,3590242,3366905.183,13.7785521,128,0,0,860938,0.548742928,31459.5895,,2,2880
BORR1141,LOAN2141,User_141,36,Female,Business,1142843,Business,2977684,2520717.429,5.951960427,128,1,1,702147,0.519183337,38905.89149,,3,4762
BORR1142,LOAN2142,User_142,23,Female,Salaried,1502456,Education,4635164,3305214.626,8.501460414,122,1,0,336785,0.212158332,43850.70727,,1,1559
BORR1143,LOAN2143,User_143,26,Female,Business,1823467,Business,1999324,1789168.317,5.437451964,59,2,0,743107,0.361499658,39542.67864,,1,2579
BORR1144,LOAN2144,User_144,26,Male,Self-Employed,1617949,Personal,2478348,2197851.114,7.142618681,71,2,0,25386,0.253438539,41495.38596,,0,785
BORR1145,LOAN2145,User_145,34,Male,Salaried,1675462,Personal,1330697,968849.8309,10.01567919,89,0,0,583755,0.237711,19882.85891,,1,1421
BORR1146,LOAN2146,User_146,42,Male,Self-Employed,614854,Business,4668453,3538246.586,12.44849974,177,0,1,610891,0.368757303,12350.83986,,2,2734
BORR1147,LOAN2147,User_147,28,Male,Business,1907084,Business,3957277,2894290.357,9.272584079,222,2,1,760120,0.112739288,11679.12028,,2,4386
BORR1148,LOAN2148,User_148,35,Male,Salaried,1534442,Home,4712305,3674119.265,14.13314275,105,3,1,541672,0.52502915,41117.52805,,1,4603
BORR1149,LOAN2149,User_149,54,Female,Self-Employed,1512117,Business,2274426,1735624.685,14.60608539,223,1,0,436578,0.113291872,3660.414965,,1,2967
BORR1150,LOAN2150,User_150,58,Male,Salaried,698639,Home,3364569,3202348.365,9.473232497,84,0,1,279272,0.122266049,44140.72208,,3,2589
BORR1151,LOAN2151,User_151,37,Male,Business,1599706,Personal,1548702,1357123.879,11.63121462,75,2,1,344500,0.392581009,32764.67638,,3,2472
BORR1152,LOAN2152,User_152,46,Female,Self-Employed,729522,Home,1386947,1374299.957,13.51589047,13,0,1,449210,0.520869741,16758.77673,,2,1144
BORR1153,LOAN2153,User_153,41,Male,Business,1680524,Home,2480717,1843269.767,6.208045519,177,3,0,854041,0.186871043,25832.56837,,3,281
BORR1154,LOAN2154,User_154,36,Female,Salaried,1545500,Business,314059,254202.7644,12.73296666,173,2,0,855878,0.47357214,15401.62239,,2,137
BORR1155,LOAN2155,User_155,23,Female,Business,1414002,Business,433914,402390.2703,10.9801267,128,3,1,143556,0.183318017,17985.08445,,0,1398
BORR1156,LOAN2156,User_156,35,Female,Salaried,1937312,Home,1428327,1379774.692,9.562472566,87,3,0,387087,0.270995032,6641.259973,,0,1113
BORR1157,LOAN2157,User_157,49,Female,Self-Employed,884092,Home,1073217,874214.321,5.538129026,222,0,1,920703,0.427272225,41140.37748,,0,2721
BORR1158,LOAN2158,User_158,29,Female,Business,859506,Education,3035405,2248103.715,11.90084052,75,1,0,43508,0.579476699,4030.62308,,0,2574
BORR1159,LOAN2159,User_159,47,Female,Self-Employed,1130800,Education,2975649,2120033.37,6.473374845,169,1,1,610236,0.348270549,27850.11588,,1,4311
BORR1160,LOAN2160,User_160,50,Male,Self-Employed,1639046,Education,1671016,1597144.643,10.67098083,169,2,0,394446,0.287073074,4210.175267,,1,4588
BORR1161,LOAN2161,User_161,37,Male,Salaried,320507,Personal,1152283,985655.62,12.40259854,66,3,0,693711,0.218430099,43992.97563,,0,2894
BORR1162,LOAN2162,User_162,44,Female,Self-Employed,373408,Business,938494,911256.2584,14.75342267,191,1,0,944405,0.19991324,39428.75928,,0,3661
BORR1163,LOAN2163,User_163,37,Male,Self-Employed,1575745,Home,1466328,1280177.898,7.72150854,118,0,1,950331,0.389099984,46169.03798,,2,1947
BORR1164,LOAN2164,User_164,25,Female,Salaried,952458,Education,2870502,2341575.424,8.87878134,167,0,1,602429,0.470740799,39098.43555,,0,1368
BORR1165,LOAN2165,User_165,58,Female,Self-Employed,1699406,Business,638145,590801.4382,8.977116843,167,0,0,849203,0.145229883,16282.86435,,1,165
BORR1166,LOAN2166,User_166,54,Female,Self-Employed,793707,Personal,3490503,3307830.922,5.418863032,73,3,0,727684,0.420900907,19970.63225,,1,364
BORR1167,LOAN2167,User_167,55,Male,Salaried,703482,Home,4333192,3688799.327,14.81204249,89,3,1,754409,0.339035078,36905.63276,,0,2134
BORR1168,LOAN2168,User_168,23,Female,Salaried,1574882,Business,4766539,3504886.379,14.56415096,147,1,0,392080,0.188689684,37071.62498,,0,1398
BORR1169,LOAN2169,User_169,41,Female,Salaried,1946507,Personal,1907537,1652672.697,10.59562714,228,1,1,90182,0.442344981,29203.78029,,0,1360
BORR1170,LOAN2170,User_170,54,Male,Self-Employed,1328520,Personal,4554683,3470160.818,11.84836324,59,1,1,27877,0.388577775,48601.46068,,3,4739
BORR1171,LOAN2171,User_171,25,Female,Business,1282389,Business,849350,632375.4313,7.076811668,132,1,0,752024,0.363232648,13974.21499,,2,2310
BORR1172,LOAN2172,User_172,34,Female,Business,1633588,Personal,1054095,856273.8715,6.968345362,223,0,0,951905,0.138500768,32982.89336,,0,1821
BORR1173,LOAN2173,User_173,36,Female,Salaried,649493,Home,2732101,2208795.813,6.699001096,99,1,0,294478,0.41373926,38766.92229,,3,2804
BORR1174,LOAN2174,User_174,58,Female,Business,1693559,Personal,736087,636682.9941,9.61573659,24,0,1,670686,0.417723228,29837.59144,,2,1482
BORR1175,LOAN2175,User_175,53,Male,Self-Employed,345286,Education,2298735,2235761.675,8.406248169,84,3,1,490715,0.428949204,20587.93152,,0,3032
BORR1176,LOAN2176,User_176,55,Female,Self-Employed,645736,Business,2677715,2080397.375,7.378951288,37,2,1,436956,0.353640116,35249.25887,,2,890
BORR1177,LOAN2177,User_177,36,Female,Salaried,318538,Business,2701684,1944150.422,9.793102239,132,1,0,807213,0.516194375,28598.65738,,3,4240
BORR1178,LOAN2178,User_178,33,Female,Business,307492,Education,1366938,998565.6308,11.21442245,169,0,0,369718,0.510519091,24124.49435,,2,3156
BORR1179,LOAN2179,User_179,39,Female,Salaried,1154587,Personal,4171622,3581389.699,13.65033161,205,0,0,735552,0.172693658,21953.00269,,1,728
BORR1180,LOAN2180,User_180,47,Female,Business,1225747,Home,2032161,1916660.345,9.473920616,89,0,0,444702,0.45606395,20431.55571,,1,1250
BORR1181,LOAN2181,User_181,45,Male,Salaried,1568335,Education,4638763,4148363.987,14.44073208,161,3,1,83203,0.298793527,5287.846746,,0,3511
BORR1182,LOAN2182,User_182,43,Female,Self-Employed,1793668,Home,3353784,3276019.384,7.932679947,222,0,0,652284,0.327700574,33707.43067,,0,4780
BORR1183,LOAN2183,User_183,31,Male,Salaried,1656351,Education,1167650,1127225.82,12.14787752,223,3,1,862687,0.439780991,22771.14614,,3,1424
BORR1184,LOAN2184,User_184,27,Female,Business,1799431,Personal,1670310,1616898.746,10.12591168,197,0,1,27736,0.333642417,1985.026477,,3,918
BORR1185,LOAN2185,User_185,43,Male,Self-Employed,1431404,Education,4185246,3253684.627,9.416362969,99,0,1,203401,0.414693483,22959.43761,,2,1134
BORR1186,LOAN2186,User_186,40,Female,Business,317352,Personal,2118297,2084769.675,14.90302041,222,3,0,261093,0.463338926,29446.93624,,1,3423
BORR1187,LOAN2187,User_187,27,Female,Self-Employed,890968,Business,1954517,1766664.191,10.97855244,73,2,0,189488,0.133500335,25961.23659,,2,2734
BORR1188,LOAN2188,User_188,32,Male,Self-Employed,560124,Business,764542,555607.1408,13.1176184,151,2,0,310909,0.351255357,39677.04961,,2,2490
BORR1189,LOAN2189,User_189,51,Female,Business,357348,Personal,4096145,3494617.203,8.372783124,169,3,1,176344,0.219112603,42450.02471,,1,4127
BORR1190,LOAN2190,User_190,44,Female,Business,965665,Education,312676,255184.8294,7.958036404,73,3,1,490121,0.20450044,8172.580722,,3,3172
BORR1191,LOAN2191,User_191,38,Male,Self-Employed,1054082,Personal,3801237,3058876.717,9.288077112,228,0,1,269976,0.392912646,43824.64904,,2,521
BORR1192,LOAN2192,User_192,51,Male,Self-Employed,986070,Education,912257,859998.3661,14.83243423,205,1,1,32173,0.267340084,11204.35077,,0,3851
BORR1193,LOAN2193,User_193,28,Male,Salaried,328016,Personal,1027428,807371.8828,11.23993812,81,1,0,821167,0.303905704,38854.59068,,1,3836
BORR1194,LOAN2194,User_194,44,Male,Salaried,852403,Personal,4941274,3711888.002,5.232447023,24,0,1,738144,0.356777889,17037.20364,,0,3957
BORR1195,LOAN2195,User_195,21,Male,Self-Employed,844659,Education,950461,889724.6211,6.396153204,93,0,0,775178,0.224476162,9102.196093,,2,4762
BORR1196,LOAN2196,User_196,41,Female,Self-Employed,1235333,Education,2995523,2865141.954,11.7429951,132,3,0,449418,0.398901931,8306.627913,,1,2683
BORR1197,LOAN2197,User_197,46,Female,Self-Employed,676928,Business,3969421,3442213.809,10.01464795,151,0,1,479865,0.413246034,9699.984658,,3,2748
BORR1198,LOAN2198,User_198,36,Female,Business,486211,Business,4036361,3617223.598,9.552601445,84,3,0,383141,0.397413332,43203.5379,,3,3852
BORR1199,LOAN2199,User_199,34,Male,Self-Employed,1561198,Education,2555090,2398198.238,11.21348743,169,2,1,693649,0.104884398,32921.92751,,1,1913
BORR1200,LOAN2200,User_200,36,Male,Business,1216913,Home,3024639,2237967.168,6.406738723,205,2,0,887966,0.249351929,40670.29795,,0,4209
BORR1201,LOAN2201,User_201,40,Female,Business,1357695,Business,2445022,1961976.508,10.53032996,66,1,1,548719,0.567222178,30132.41263,,2,444
BORR1202,LOAN2202,User_202,51,Male,Self-Employed,567336,Business,915720,689776.4112,10.91052315,135,1,1,246885,0.328485385,46227.40805,,1,4586
BORR1203,LOAN2203,User_203,53,Female,Salaried,1656511,Education,1012720,897076.871,14.8912915,87,3,0,293078,0.327741698,24434.37352,,1,4301
BORR1204,LOAN2204,User_204,22,Male,Salaried,1267245,Home,2820220,2316896.966,12.78311537,223,0,1,654527,0.202278124,8651.173995,,3,3599
BORR1205,LOAN2205,User_205,57,Female,Business,410537,Home,763470,712013.0733,13.88781775,177,3,1,510087,0.493789708,20200.91277,,0,3681
BORR1206,LOAN2206,User_206,25,Male,Salaried,665650,Education,1017726,943230.286,8.703117869,207,0,1,138469,0.417881371,4204.420602,,0,1771
BORR1207,LOAN2207,User_207,24,Female,Salaried,1895002,Personal,4676425,3923456.222,11.3053914,177,0,0,588566,0.448977767,19104.60517,,0,4962
BORR1208,LOAN2208,User_208,53,Male,Business,1894713,Education,2969184,2843700.006,6.402068092,66,2,0,798191,0.118493349,17274.59392,,0,2626
BORR1209,LOAN2209,User_209,22,Female,Business,1916728,Education,2788567,2785925.678,9.417821382,105,2,1,488925,0.284055795,40372.15625,,1,4768
BORR1210,LOAN2210,User_210,30,Male,Business,475718,Home,4639142,4421425.957,6.220257179,133,0,0,92103,0.413392491,10852.873,,1,3960
BORR1211,LOAN2211,User_211,28,Male,Self-Employed,859492,Education,3493474,2572342.642,13.95502224,228,0,0,916638,0.491917118,27775.81667,,3,4016
BORR1212,LOAN2212,User_212,25,Male,Business,857488,Education,1865828,1392872.518,11.83701126,177,1,1,809506,0.251123609,16412.39685,,1,2859
BORR1213,LOAN2213,User_213,32,Male,Salaried,557181,Education,4617591,3405811.105,12.68608554,205,3,1,617833,0.429818674,41083.24257,,2,1024
BORR1214,LOAN2214,User_214,31,Female,Salaried,1325819,Personal,4249179,3136442.877,5.600002415,191,0,1,226909,0.227227751,24930.46834,,3,3667
BORR1215,LOAN2215,User_215,28,Male,Business,1875253,Education,4731094,4063060.333,14.1570203,207,2,0,742686,0.4726239,5587.904611,,0,370
BORR1216,LOAN2216,User_216,21,Female,Business,1066442,Personal,935689,930206.4543,6.135923399,151,1,1,381522,0.584946601,28930.4248,,2,3947
BORR1217,LOAN2217,User_217,28,Female,Salaried,1832402,Business,3443466,2739835.868,13.05833366,40,0,1,243710,0.123227232,16566.34829,,2,1187
BORR1218,LOAN2218,User_218,50,Female,Business,552979,Home,308504,300975.5828,11.89040975,207,2,0,619733,0.468357682,26011.16757,,0,1610
BORR1219,LOAN2219,User_219,55,Female,Business,1313211,Home,2931553,2766459.262,9.004004112,37,3,1,589915,0.235516867,11735.94598,,0,136
BORR1220,LOAN2220,User_220,34,Male,Business,1775826,Personal,2440651,2046324.63,10.6585213,114,2,1,144821,0.213447713,35891.43186,,3,3228
BORR1221,LOAN2221,User_221,58,Male,Business,1931476,Personal,669944,618009.7463,10.04636671,132,1,1,868502,0.283161812,31276.65375,,2,4788
BORR1222,LOAN2222,User_222,24,Male,Self-Employed,1453198,Home,2668681,2117594.025,14.57637349,126,3,1,694699,0.190347226,18889.54554,,1,2888
BORR1223,LOAN2223,User_223,46,Male,Self-Employed,607170,Education,470321,407040.6304,11.00441984,169,3,0,253930,0.202334997,41585.47628,,2,4392
BORR1224,LOAN2224,User_224,31,Male,Salaried,342488,Personal,4484404,3984587.172,5.040596332,105,0,1,287899,0.332236214,8923.692906,,3,497
BORR1225,LOAN2225,User_225,47,Female,Self-Employed,1660260,Personal,1218740,1073286.151,12.42653268,21,2,0,39644,0.533277871,3376.29793,,3,1132
BORR1226,LOAN2226,User_226,35,Female,Salaried,1599760,Home,2633135,2303408.43,12.40020455,126,0,0,182030,0.264548276,47732.75555,,0,573
BORR1227,LOAN2227,User_227,54,Male,Salaried,593869,Education,3755495,3347431.439,12.62802896,105,0,0,723586,0.32203474,46137.78488,,3,3929
BORR1228,LOAN2228,User_228,58,Female,Business,1005316,Business,1919117,1562228.708,12.89566669,21,1,0,439024,0.57136097,15227.71558,,0,217
BORR1229,LOAN2229,User_229,39,Female,Business,1656354,Personal,1552269,1270824.02,13.67878522,84,0,0,855767,0.338059971,19467.19795,,2,3787
BORR1230,LOAN2230,User_230,43,Male,Self-Employed,527664,Personal,2401578,2174065.657,14.36891875,84,2,0,868593,0.537387663,20486.67386,,2,4439
BORR1231,LOAN2231,User_231,26,Male,Business,1238614,Home,4275341,3727835.702,13.03477802,162,2,0,677829,0.367214092,20689.39312,,3,3391
BORR1232,LOAN2232,User_232,23,Female,Business,585782,Home,396347,308704.1924,13.86603157,133,0,1,874730,0.423781701,22545.42474,,0,1613
BORR1233,LOAN2233,User_233,21,Male,Business,1798089,Education,261553,198298.8146,13.15929241,37,0,0,68029,0.21702113,43156.25739,,1,190
BORR1234,LOAN2234,User_234,55,Female,Self-Employed,700847,Personal,1800266,1784362.85,13.10431841,126,2,0,922337,0.342660478,8924.972892,,3,4149
BORR1235,LOAN2235,User_235,55,Male,Salaried,1794869,Business,2530577,2032144.178,10.44986298,52,1,0,268724,0.222690781,20379.61354,,0,4753
BORR1236,LOAN2236,User_236,52,Female,Salaried,1174143,Home,996638,903276.2562,13.11819733,114,3,0,384343,0.342690229,22386.26425,,0,4264
BORR1237,LOAN2237,User_237,49,Female,Business,297700,Personal,3331619,2523108.361,5.809512748,122,3,1,129640,0.546844754,9040.76858,,1,2258
BORR1238,LOAN2238,User_238,23,Male,Salaried,338887,Education,3293041,3017219.534,10.26148102,59,3,0,145758,0.105156452,40751.6562,,2,3182
BORR1239,LOAN2239,User_239,51,Female,Self-Employed,731822,Education,1579274,1146232.912,9.637101303,169,0,0,38511,0.1587509,38532.87355,,3,3116
BORR1240,LOAN2240,User_240,54,Female,Salaried,295979,Home,3661937,3072433.565,6.323785362,161,2,1,113459,0.114168226,32957.00221,,1,2750
BORR1241,LOAN2241,User_241,30,Female,Business,1605184,Home,2977223,2117551.449,14.38730431,228,2,0,958759,0.176878602,40003.1838,,2,2763
BORR1242,LOAN2242,User_242,48,Male,Business,1962545,Education,2839666,2146497.411,10.14607024,173,3,0,783595,0.290276982,45450.4189,,3,1184
BORR1243,LOAN2243,User_243,36,Female,Salaried,452519,Education,2682963,2662224.392,10.1308962,37,2,1,411503,0.485823812,14540.41817,,1,2645
BORR1244,LOAN2244,User_244,57,Female,Self-Employed,1812547,Personal,2070328,1598802.073,11.76108894,66,2,0,904714,0.218076082,20489.28001,,1,2069
BORR1245,LOAN2245,User_245,55,Female,Self-Employed,1044507,Home,1779711,1322766.775,13.39103631,135,0,1,631529,0.123449743,28421.95491,,2,2889
BORR1246,LOAN2246,User_246,31,Male,Self-Employed,1486919,Personal,936883,719323.7408,12.18318057,40,0,0,130112,0.519134164,19394.22765,,1,1435
BORR1247,LOAN2247,User_247,22,Female,Salaried,1807859,Education,3009407,2699664.679,11.60586368,191,3,0,293679,0.253149984,8374.79524,,3,3923
BORR1248,LOAN2248,User_248,31,Female,Self-Employed,915985,Education,1441654,1337360.669,10.38282931,128,0,1,70029,0.206638839,16948.36797,,2,2819
BORR1249,LOAN2249,User_249,52,Female,Business,1065893,Education,2172825,1918373.9,11.49859541,162,3,1,784496,0.37020029,40447.68716,,2,4848
BORR1250,LOAN2250,User_250,33,Male,Business,467685,Home,534957,464623.268,9.029886486,99,0,0,759067,0.144671339,18501.77232,,2,1037
BORR1251,LOAN2251,User_251,58,Female,Self-Employed,1026388,Personal,4621381,4275258.819,14.20240273,122,3,0,500527,0.26481378,43860.04726,,2,3505
BORR1252,LOAN2252,User_252,40,Female,Business,1082851,Business,660239,539466.708,5.837876652,99,3,0,702539,0.179236317,2751.003237,,2,2717
BORR1253,LOAN2253,User_253,38,Female,Self-Employed,879532,Personal,4167377,4144365.067,6.732333008,81,2,0,835241,0.416604104,42236.63088,,0,337
BORR1254,LOAN2254,User_254,41,Female,Self-Employed,1639674,Business,2559702,2377747.672,5.064966777,133,2,1,291503,0.314553067,14499.83757,,3,1280
BORR1255,LOAN2255,User_255,23,Female,Self-Employed,604817,Personal,473257,466754.3535,6.141306099,228,1,0,76969,0.102096072,42955.77765,,3,3204
BORR1256,LOAN2256,User_256,45,Male,Business,506000,Education,4679456,3611267.826,5.982699359,222,3,1,386194,0.553328632,35213.41758,,2,3775
BORR1257,LOAN2257,User_257,33,Male,Salaried,615489,Home,4795407,4010397.923,8.121319041,177,2,1,243783,0.46650415,31270.84766,,3,780
BORR1258,LOAN2258,User_258,27,Male,Self-Employed,1800011,Business,595411,591321.9768,14.12046564,37,3,1,141347,0.43385712,4685.059261,,1,3528
BORR1259,LOAN2259,User_259,53,Male,Salaried,780251,Education,1975082,1538380.384,10.08579231,135,3,1,65765,0.350078853,45252.0209,,2,2149
BORR1260,LOAN2260,User_260,29,Male,Business,1572187,Business,2967484,2352266.889,12.04818017,114,0,1,526537,0.484485485,40305.77773,,0,1912
BORR1261,LOAN2261,User_261,25,Female,Salaried,1145570,Education,1408160,1216671.065,7.429586979,37,3,0,963554,0.107345193,15152.36259,,2,553
BORR1262,LOAN2262,User_262,40,Female,Self-Employed,691427,Home,2257543,2160163.026,13.03887661,223,2,0,478097,0.263408188,43852.87586,,0,4065
BORR1263,LOAN2263,User_263,56,Female,Self-Employed,1541749,Education,3932669,3317630.537,14.38241595,177,3,1,920197,0.252925341,37384.70123,,3,2411
BORR1264,LOAN2264,User_264,28,Male,Salaried,1907647,Business,3948761,3879359.54,14.20587078,93,2,0,36617,0.509720442,46558.84186,,0,2198
BORR1265,LOAN2265,User_265,43,Female,Salaried,1173113,Personal,4617465,4411510.425,6.104620204,167,3,1,264718,0.17227755,16466.17467,,1,4911
BORR1266,LOAN2266,User_266,55,Female,Business,1812801,Personal,3834859,2829922.414,12.02279463,21,0,1,890553,0.123810741,12044.11251,,3,1437
BORR1267,LOAN2267,User_267,21,Female,Self-Employed,385203,Home,2476269,2272721.372,5.420320986,52,0,1,220529,0.374192289,40086.94992,,1,1554
BORR1268,LOAN2268,User_268,22,Female,Self-Employed,1268280,Home,2305183,1806424.094,9.026964841,191,2,1,70326,0.581104996,16155.90775,,1,2135
BORR1269,LOAN2269,User_269,35,Female,Business,1673409,Business,3812387,2998349.781,13.84028238,132,3,0,591405,0.479213401,5592.619519,,3,1900
BORR1270,LOAN2270,User_270,52,Female,Business,570238,Home,2583265,2468598.778,9.257111736,177,0,1,108163,0.47169546,24763.71435,,1,2942
BORR1271,LOAN2271,User_271,37,Female,Salaried,1549243,Education,4192627,4088979.403,5.629683198,84,0,0,159223,0.157256432,3890.710174,,3,2092
BORR1272,LOAN2272,User_272,39,Female,Business,469214,Personal,4406349,3639508.643,12.29380994,81,0,1,458146,0.180552126,19538.02934,,3,468
BORR1273,LOAN2273,User_273,54,Male,Salaried,871029,Home,2798599,2524192.23,9.370449435,191,1,0,447535,0.411802686,4121.427622,,1,3915
BORR1274,LOAN2274,User_274,28,Female,Business,473061,Education,903922,789994.8089,11.3810182,161,3,0,963444,0.101260419,10035.6987,,2,626
BORR1275,LOAN2275,User_275,22,Female,Self-Employed,1199560,Home,3455972,3181234.976,10.50133821,99,0,1,357187,0.267883051,41775.84676,,2,4772
BORR1276,LOAN2276,User_276,21,Female,Business,1363468,Personal,2709640,2351540.249,14.24887895,177,2,0,307421,0.398370689,26324.64372,,2,1998
BORR1277,LOAN2277,User_277,57,Female,Salaried,1690842,Personal,2900737,2102119.851,7.053888826,133,0,1,770648,0.190715055,3396.171041,,3,1045
BORR1278,LOAN2278,User_278,21,Male,Salaried,1014585,Home,2535295,2171186.666,13.17568833,133,3,1,443188,0.497602641,6280.906386,,3,4231
BORR1279,LOAN2279,User_279,50,Female,Self-Employed,1177169,Personal,602557,547690.3725,6.159573849,151,0,1,858906,0.448785937,19384.92934,,3,2553
BORR1280,LOAN2280,User_280,36,Female,Salaried,622037,Business,4615484,3270198.355,8.980806819,205,1,0,884063,0.417875609,25236.32268,,1,1693
BORR1281,LOAN2281,User_281,32,Female,Salaried,1871898,Personal,2269491,1667277.069,7.998600211,191,0,1,285366,0.339581929,21494.19721,,2,2370
BORR1282,LOAN2282,User_282,45,Male,Self-Employed,522554,Education,3476316,3192972.141,9.243487266,135,0,1,436523,0.583284241,6133.835839,,3,4032
BORR1283,LOAN2283,User_283,33,Female,Business,924046,Personal,2056047,1609669.34,5.541878338,167,3,0,372208,0.500157715,34652.48962,,3,2704
BORR1284,LOAN2284,User_284,21,Male,Salaried,825545,Education,1683044,1471484.962,6.311734426,122,0,0,915016,0.428165508,41718.88703,,0,4388
BORR1285,LOAN2285,User_285,56,Male,Business,1888964,Business,2871552,2685690.077,12.86827275,161,2,1,303970,0.568737571,4167.170507,,1,4056
BORR1286,LOAN2286,User_286,31,Female,Salaried,1179602,Personal,4632225,4024117.944,9.745431553,59,1,1,796247,0.159118034,6204.124242,,3,3982
BORR1287,LOAN2287,User_287,42,Female,Salaried,1467727,Business,1463399,1444432.208,14.76446462,99,1,1,674290,0.222772906,14543.88745,,1,2578
BORR1288,LOAN2288,User_288,31,Female,Salaried,305740,Business,3809749,2927781.449,8.450032891,228,1,1,870383,0.200412795,38605.47832,,3,3732
BORR1289,LOAN2289,User_289,54,Female,Self-Employed,1363238,Education,3855629,3701720.049,7.711899803,167,3,0,371618,0.365175958,25642.5703,,1,3474
BORR1290,LOAN2290,User_290,32,Male,Business,685023,Home,2845265,2042766.3,7.275417024,71,2,1,731562,0.457349351,35320.83349,,2,2828
BORR1291,LOAN2291,User_291,33,Male,Self-Employed,1833338,Business,4010135,3267722.67,11.03588404,59,2,1,202674,0.187619037,14916.2871,,3,4833
BORR1292,LOAN2292,User_292,37,Male,Business,1780022,Personal,1017778,965759.2538,9.63768788,118,3,0,900502,0.416548987,11661.99838,,2,281
BORR1293,LOAN2293,User_293,39,Female,Business,649872,Personal,3249383,2663609.619,12.17928861,167,3,0,103353,0.127594329,5303.68995,,2,2060
BORR1294,LOAN2294,User_294,51,Female,Salaried,1617702,Business,1862549,1360606.636,14.96312407,21,1,0,30983,0.298537717,14131.74493,,2,1245
BORR1295,LOAN2295,User_295,40,Female,Self-Employed,1443633,Home,2131489,1603354.019,13.00167659,66,3,1,881863,0.266548468,29511.60688,,1,997
BORR1296,LOAN2296,User_296,52,Female,Salaried,740530,Business,1792374,1706027.842,11.13683973,191,0,0,317294,0.176113354,14040.91004,,2,565
BORR1297,LOAN2297,User_297,37,Male,Salaried,1523249,Personal,1720527,1251472.25,14.65186863,37,1,0,411110,0.353700116,22738.63369,,2,2614
BORR1298,LOAN2298,User_298,56,Male,Salaried,1848613,Home,2578735,1933024.942,5.679556423,89,2,1,138635,0.469445483,31042.05805,,1,4446
BORR1299,LOAN2299,User_299,22,Male,Business,1317500,Personal,2658329,2504272.821,14.12278623,173,2,1,258314,0.365670058,36214.1582,,1,496
BORR1300,LOAN2300,User_300,38,Male,Self-Employed,1527683,Business,4749308,4081390.907,6.866181615,197,2,1,675250,0.414832601,16991.57797,,3,2827
BORR1301,LOAN2301,User_301,53,Female,Business,1936405,Home,1383778,1240856.44,8.463675331,228,0,0,903028,0.16520116,20438.9892,,2,417
BORR1302,LOAN2302,User_302,41,Female,Business,1938849,Personal,2956598,2615958.642,5.630968877,40,1,0,810953,0.139251525,36719.23519,,3,3496
BORR1303,LOAN2303,User_303,24,Female,Self-Employed,1289227,Business,1494281,1363736.018,6.378160681,223,2,0,376163,0.222486039,21073.62789,,1,2891
BORR1304,LOAN2304,User_304,24,Female,Salaried,1822373,Business,3755232,3368778.422,11.85624499,59,0,1,397040,0.540579611,32317.18588,,2,4339
BORR1305,LOAN2305,User_305,49,Female,Salaried,1411787,Business,4557276,3336934.545,10.74298371,84,0,1,292021,0.488381874,42359.89502,,1,2432
BORR1306,LOAN2306,User_306,53,Male,Self-Employed,1775543,Business,1825487,1310062.095,11.39829937,169,1,0,158589,0.526991247,48228.70321,,0,3348
BORR1307,LOAN2307,User_307,26,Male,Self-Employed,897793,Business,380849,308779.1098,8.932954437,24,3,1,992213,0.244307033,8795.727431,,2,741
BORR1308,LOAN2308,User_308,50,Female,Self-Employed,1464273,Business,787046,678267.0198,13.70937509,222,1,0,525996,0.106970155,36677.11813,,2,2562
BORR1309,LOAN2309,User_309,55,Female,Self-Employed,1593660,Home,541993,392822.9252,7.955140396,37,1,0,303432,0.309378225,18498.06979,,0,4617
BORR1310,LOAN2310,User_310,57,Male,Self-Employed,1085020,Personal,3253434,2472320.465,8.905542028,75,1,1,318040,0.295157259,33156.78846,,1,4364
BORR1311,LOAN2311,User_311,41,Male,Salaried,1464760,Education,427963,405254.4959,9.958355205,73,1,1,980646,0.286900622,10689.95212,,0,2458
BORR1312,LOAN2312,User_312,45,Male,Salaried,1026332,Business,1471682,1197194.874,6.916893509,21,2,1,47455,0.263372114,19777.6204,,1,2602
BORR1313,LOAN2313,User_313,28,Female,Self-Employed,1304847,Education,3256492,3184586.021,14.16408027,40,2,1,733478,0.530278166,32184.34,,2,4875
BORR1314,LOAN2314,User_314,48,Female,Self-Employed,1051279,Business,2253179,2237950.746,10.19212621,169,2,1,553677,0.358951742,27724.95716,,0,1717
BORR1315,LOAN2315,User_315,31,Male,Salaried,725837,Education,2053190,1884613.662,7.148670535,128,2,1,195385,0.541392161,6965.859121,,1,2777
BORR1316,LOAN2316,User_316,41,Female,Salaried,1563854,Home,561717,420822.7589,11.39026818,191,3,1,674693,0.359793563,10715.33797,,0,2852
BORR1317,LOAN2317,User_317,30,Female,Self-Employed,1207006,Education,4326649,3799625.122,7.238348401,105,3,0,107449,0.38049926,37416.78907,,3,4348
BORR1318,LOAN2318,User_318,28,Male,Salaried,1758341,Home,2997752,2811502.422,11.94797322,52,1,0,200268,0.46356206,17236.47135,,2,249
BORR1319,LOAN2319,User_319,55,Female,Business,1907146,Home,831809,798748.4114,11.34745585,67,1,0,867776,0.130041524,40419.47054,,3,2954
BORR1320,LOAN2320,User_320,39,Male,Self-Employed,477750,Business,1127862,820501.9697,13.49715082,75,3,1,60590,0.11051579,11823.67904,,2,466
BORR1321,LOAN2321,User_321,48,Female,Business,501783,Personal,3490054,3032450.914,8.481722266,223,2,1,415698,0.438892206,45767.79284,,2,2439
BORR1322,LOAN2322,User_322,47,Male,Business,351514,Personal,2668890,2548303.263,9.258209877,84,0,0,176130,0.237094364,20241.42987,,3,4142
BORR1323,LOAN2323,User_323,23,Male,Self-Employed,516618,Education,1974854,1726652.615,11.82392033,81,3,0,349178,0.456241567,7955.148854,,2,2334
BORR1324,LOAN2324,User_324,41,Female,Self-Employed,1680503,Personal,4504665,3967233.88,9.811569682,75,2,1,900464,0.421871427,26937.54512,,1,310
BORR1325,LOAN2325,User_325,30,Female,Self-Employed,719609,Home,4419136,3981218.842,6.732194985,89,3,0,785578,0.128026036,9863.169041,,2,2818
BORR1326,LOAN2326,User_326,36,Female,Business,1741114,Home,3691003,3676001.881,9.342269155,222,2,0,816047,0.137203199,9252.96528,,2,2612
BORR1327,LOAN2327,User_327,45,Male,Business,1078988,Education,898764,678401.9178,9.524914651,205,2,0,761777,0.488839916,26272.92446,,1,271
BORR1328,LOAN2328,User_328,55,Male,Salaried,1517019,Personal,2874799,2388965.281,5.923068039,197,2,1,223697,0.423170847,37554.7685,,3,1723
BORR1329,LOAN2329,User_329,31,Female,Business,513886,Home,789220,706882.0395,8.37483738,13,3,1,376125,0.325799972,32438.40019,,3,2257
BORR1330,LOAN2330,User_330,24,Male,Salaried,1225779,Personal,2745518,2213074.178,7.576955286,59,1,0,586303,0.558164466,26725.83141,,3,3546
BORR1331,LOAN2331,User_331,40,Female,Salaried,1558312,Personal,4837245,3755189.946,6.603403113,177,3,0,231109,0.384864259,7111.578366,,0,497
BORR1332,LOAN2332,User_332,27,Male,Salaried,760494,Home,2655821,2390124.635,9.357326555,40,2,0,934185,0.363020185,2384.895888,,0,3410
BORR1333,LOAN2333,User_333,50,Male,Business,417743,Business,1510938,1474170.849,8.798188371,122,3,0,589526,0.313718934,40352.39732,,3,1575
BORR1334,LOAN2334,User_334,25,Male,Salaried,1425507,Business,1117312,809908.3301,10.5524862,37,3,1,132616,0.467547169,32491.46078,,2,3878
BORR1335,LOAN2335,User_335,39,Male,Self-Employed,1327054,Business,4405774,3391602.24,11.09189494,197,3,0,775685,0.22206457,39666.9137,,1,3072
BORR1336,LOAN2336,User_336,25,Female,Self-Employed,294178,Home,4403814,4110263.036,13.45757964,114,1,0,877461,0.465253825,29402.6809,,2,297
BORR1337,LOAN2337,User_337,33,Male,Self-Employed,1943919,Personal,3490223,3348147.214,9.161343226,40,2,1,682342,0.372311525,36498.87352,,2,1324
BORR1338,LOAN2338,User_338,28,Male,Business,991970,Education,431098,418178.5085,9.765308918,13,0,0,251618,0.184399988,17895.76309,,0,3377
BORR1339,LOAN2339,User_339,38,Female,Business,367940,Business,1043155,869063.0163,8.44958406,197,3,1,960548,0.553146071,2759.203014,,1,1201
BORR1340,LOAN2340,User_340,31,Male,Self-Employed,945366,Home,1110965,998529.2542,5.433301568,93,0,1,623798,0.295651631,29287.57997,,1,3996
BORR1341,LOAN2341,User_341,26,Female,Business,1004046,Home,4938540,4264310.65,11.18262132,132,2,1,934376,0.345939963,19511.09915,,3,105
BORR1342,LOAN2342,User_342,32,Female,Business,457746,Business,2448314,2004566.411,12.15157801,162,0,1,675810,0.482061167,7050.644103,,3,630
BORR1343,LOAN2343,User_343,51,Male,Business,1137710,Home,3659359,3574265.423,6.770756652,124,3,0,886219,0.140024928,2258.420388,,3,2268
BORR1344,LOAN2344,User_344,36,Female,Salaried,347750,Home,1609837,1148949.518,5.718103888,169,2,1,80247,0.363216331,29084.64067,,1,3268
BORR1345,LOAN2345,User_345,49,Female,Self-Employed,641981,Education,3278814,2961435.444,11.29956376,24,0,1,923475,0.384241303,29329.35082,,3,3573
BORR1346,LOAN2346,User_346,49,Male,Self-Employed,497210,Home,1022548,747058.9967,7.841698359,67,1,0,880068,0.123584044,10583.01253,,3,2338
BORR1347,LOAN2347,User_347,48,Male,Self-Employed,704721,Education,3391679,3187787.477,9.229370845,161,0,0,201234,0.27566878,31872.38253,,2,835
BORR1348,LOAN2348,User_348,39,Female,Self-Employed,1227104,Home,4441554,4205203.129,11.35800724,228,2,1,986291,0.319318197,42055.09733,,3,1230
BORR1349,LOAN2349,User_349,43,Female,Self-Employed,1567612,Home,1769799,1715513.498,8.200063292,37,3,1,669232,0.491474238,18239.79958,,3,2859
